region	category	gon_fuzzy	gon_pin	ipa	example	applies	bidirectional	chainable	priority_tier	starts_with	note
common	onset	i	y	i	也	syllable-initial	false	false	primary	ia,ie,io	零声母 i 系旧写兼容；ia→ya、ieu→yeu、ion→yon、iou→you
common	onset	u	w	u	乌	syllable-initial	false	false	primary	ua,ue,uo	零声母 u 系旧写兼容；ua→wa、uen→wen、uon→won
common	rime	y	yu	y	与	syllable-final	false	false	primary	y	零声母 y→yu
common	rime	yn	yun	yən	云	syllable-final	false	false	primary	yn	零声母 yn→yun
common	rime	yng	yung	yəŋ	雍	syllable-final	false	false	primary	yng	零声母 yng→yung
common	rime	yon	yuon	yon	袁	syllable-final	false	false	primary	yon	零声母 yon→yuon
common	rime	ye	yue	ye	月	anywhere	false	true	primary	ye,jye,lye,nye,qye,xye	ye 系专用桥接，须先于通用 y→yu
common	nucleus	y	yu	y	女	anywhere	false	false	primary	by,cy,dy,fy,gy,hy,jy,ky,ly,my,ngy,ny,py,qy,ry,sy,ty,xy,zy	带声母 y 系统一在 y 后补 u
common	rime	i	yi	i	一	syllable-final	false	false	primary	i	单写 i→yi
common	rime	in	yin	ɪŋ	因	syllable-final	false	false	primary	in	单写 in→yin
common	rime	iu	yiu	iu	有	syllable-final	false	false	primary	iu	单写 iu→yiu
common	rime	iong	yong	iuŋ	用	syllable-final	false	false	primary	iong	iong→yong
common	rime	u	wu	u	乌	syllable-final	false	false	primary	u	单写 u→wu
common	rime	ui	wui	uei	为	syllable-final	false	false	primary	ui	单写 ui→wui
common	rime	uei	ui	uei	为	syllable-final	false	false	primary		uei 输入兼容规范 ui
common	rime	ung	wung	uŋ	翁	syllable-final	false	false	primary	ung	仅零声母 ung→wung；当前词表无此项，仅保留规则
common	rime	ve	yue	ye	月	anywhere	false	true	primary	ve,jve,lve,nve,qve,xve	ve 系专用桥接，须先于通用 v→yu
common	rime	ue	yue	ye	月	anywhere	false	true	primary	ue,jue,lue,nue,que,xue	ue 系专用桥接，须先于通用 u→yu
common	rime	v	yu	y	与	anywhere	false	false	primary	b,p,m,f,d,t,n,l,g,k,h,j,q,x,r,z,c,s,ng,zh,ch,sh,w	仅已有声母后的 v→yu
common	rime	w	v			anywhere	false	false	primary	w	w 可单向兼容 v
common	rime	wu	v			anywhere	false	false	primary	wu	wu 可单向兼容 v
common	rime	you	yiu	iu	有	syllable-final	false	false	primary	you	yiu 可从 you 模糊输入
common	rime	wei	wui	uei	为	syllable-final	false	false	primary	wei	wui 可从 wei 模糊输入
common	rime	wi	wui	uei	为	syllable-final	false	false	secondary	wi	wui 可从 wi 模糊输入
common	rime	wen	won	uon	碗	syllable-final	false	false	primary	wen	won 可从 wen 模糊输入
common	rime	uen	won	uon	碗	syllable-final	false	false	primary	uen	零声母 won 可从 uen 模糊输入
common	rime	uen	uon	uon	碗	syllable-final	false	false	primary		带声母 uon 可从 uen 模糊输入
common	rime	yan	yen	ian	烟	syllable-final	false	false	primary	yan	仅保留输入 yan→yen 的模糊，不改写现有 yan
common	rime	e	ê	ɛ	额	anywhere	false	false	primary		e 可单向模糊匹配 ê
common	rime	eu	ieu	iɛu	够	syllable-final	false	true	secondary	ng,g,k	g/k/ng 后可省略 i
common	rime	iau	yeu	iɛu	妖	syllable-final	false	false	primary	iau	零声母 iau→yeu
common	rime	yao	yeu	iɛu	妖	syllable-final	false	false	primary	yao	普通话拼音习惯输入
common	rime	ao	au	au	抱	syllable-final	true	true	primary		旧 ao 写法兼容
common	rime	ou	eu	ɛu	后	syllable-final	false	false	primary	cou,dou,fou,gou,hou,jou,kou,lou,mou,ngou,pou,sou,tou,you,zou	普通话 ou 输入兼容规范 eu
common	rime	uen	un	uən	文	syllable-final	false	true	primary		有声母时省写
common	rime	ion	on	on	专	syllable-final	false	false	secondary		旧 i 介音兼容写法
common	rime	ioin	on	on	专	syllable-final	false	false	secondary		旧写法向后兼容
common	rime	nyoin	on	on	袁	syllable-final	false	false	secondary		允许 nyoin / ioin 相混
common	rime	uoin	won	uon	碗	syllable-final	false	false	secondary	uoin	零声母旧写向后兼容
common	rime	yoin	yuon	yon	袁	syllable-final	false	false	secondary	yoin	零声母旧写向后兼容
common	coda	n	ng	ŋ	牙	syllable-final	true	true	primary		音节尾
lancong	coda		t		客	syllable-final	false	false	fallback		入声尾：输入不带尾可模糊匹配带尾（za→zat）
lancong	coda		k		学	syllable-final	false	false	fallback		入声尾：输入不带尾可模糊匹配带 k 形式（lok）
lancong	coda	t	k		客/学	syllable-final	true	false	secondary		入声尾互相模糊
fungcen	coda		t		八	syllable-final	false	false	fallback		
fungcen	coda		p		煠	syllable-final	false	false	fallback		
fungcen	coda		k		插	syllable-final	false	false	fallback		
fungcen	coda	t	p			syllable-final	true	false	secondary		
fungcen	coda	t	k			syllable-final	true	false	secondary		
fungcen	coda	p	k			syllable-final	true	false	secondary		
common	rime	yuen	yuon	yon	渲	syllable-final	false	false	primary	yuen,jyuen,nyuen,qyuen,xyuen	覆盖现有全部 yuon 规范音
common	rime	yue	yuot	yot	月	syllable-final	false	false	primary	yue,jyue,lyue,nyue,qyue,xyue	省略入声尾时兼容到 yuot
common	rime	yuet	yuot	yot	月	syllable-final	false	false	primary	yue,jyue,lyue,nyue,qyue,xyue	正确 t 尾兼容到 yuot
common	rime	yuek	yuot	yot	月	syllable-final	false	false	primary	yue,jyue,lyue,nyue,qyue,xyue	误写 k 尾仍兼容到 yuot
common	rime	ieu	eu	ɛu	后	syllable-final	false	false	secondary	h	限定 hieu→heu
common	rime	fi	fei			syllable-final	false	false	primary	fi	整音节 fi→fei
common	rime	zuon	zon			syllable-final	false	false	primary	zuon	整音节 zuon→zon
common	rime	cuon	con			syllable-final	false	false	primary	cuon	整音节 cuon→con
common	rime	ciu	ceu			syllable-final	false	false	primary	ciu	整音节 ciu→ceu
common	rime	suon	son		算	syllable-final	false	true	primary		
common	onset	siu	seu		兽	syllable-final	false	false	primary		
common	rime	en	ien			syllable-final	false	false	primary	ng,k,g	
common	rime	et	iet		额	syllable-final	false	false	primary	ng	
common	rime	u	yu	y	与	anywhere	false	false	secondary		yu 可从 u 输入，涵盖 uon→yuon、uot→yuot 等
tiqien	coda		k			syllable-final	false	false	fallback		自动生成：完整音系检测到该入声韵尾，输入省略韵尾时匹配带尾形式
tiqien	coda		p			syllable-final	false	false	fallback		自动生成：完整音系检测到该入声韵尾，输入省略韵尾时匹配带尾形式
tiqien	coda	k	p			syllable-final	true	false	secondary		自动生成：完整音系检测到两种入声韵尾，允许互相模糊
xinyu	coda		k			syllable-final	false	false	fallback		自动生成：完整音系检测到该入声韵尾，输入省略韵尾时匹配带尾形式
songau	coda		k			syllable-final	false	false	fallback		自动生成：完整音系检测到该入声韵尾，输入省略韵尾时匹配带尾形式
songau	coda		t			syllable-final	false	false	fallback		自动生成：完整音系检测到该入声韵尾，输入省略韵尾时匹配带尾形式
songau	coda	k	t			syllable-final	true	false	secondary		自动生成：完整音系检测到两种入声韵尾，允许互相模糊
