本词	国际音标	方言拼音	汉语拼音	词汇属性	对应官话词	官话拼音	词频	同义词	新旧标记
上午	san6 ŋ̍3	san5 ng3	shang4 wu3	官			100000		
下午	xa1 ŋ̍3	ha1 ng3	xia4 wu3	官			100000		
中午	tɕyŋ1 ŋ̍3	jyung1 ng3	zhong1 wu3	官			100000		
也许	iɛ3 ɕy3	yê3 xyu3	ye3 xu3	官			100000		
什么	sɪʔ8 iau1	sek7 yau1	shen2 me5	官			100000		
什么东西	sɪʔ8 iau1 təŋ1 ɕi1	sek7 yau1 deng1 xi1	shen2 me5 dong1 xi1	官			100000		
什么时候	sɪʔ8 iau1 ʃɿ2 xəu1	sek7 yau1 xï2 heu1	shen2 me5 shi2 hou4	官			100000		
他们	tʰa1 men2	ta1 mên2	ta1 men5	官			100000		
以前	i3 tɕʰiɛn2	yi3 qiên2	yi3 qian2	官			100000		
你们	n̩1 men2	n1 mên2	ni3 men5	官			100000		
傍晚	pʰɔŋ6 uan3	pong5 wan3	bang4 wan3	官			100000		
先前	ɕiɛn1 tɕʰiɛn2	xiên1 qiên2	xian1 qian2	官			100000		
午饭	ŋ̍3 fan6	ng3 fan5	wu3 fan4	官			100000		
受累	ɕiəu6 luei6	xieu5 lui5	shou4 lei3	官			100000		
口水	kʰəu3 ɕy3	keu3 xyu3	kou3 shui3	官			100000		
合伙	kɪʔ7 fo3	gek6 fo3	he2 huo3	官			100000		
吮吸	tɕʰyɛn6 ɕiɪʔ7	qyuên5 xiek6	shun3 xi1	官			100000		
吹牛	tɕʰy1 ŋəu2	qyu1 ngeu2	chui1 niu2	官			100000		
和事	xo2 sɿ6	ho2 sï5	he2 shi4	官			100000		
哪里	na6 li3	na5 li3	na3 li3	官			100000		
多少	to1 sau3	do1 sau3	duo1 shao3	官			100000		
大雁	tʰai6 ŋan6	tai5 ngan5	da4 yan4	官			100000		
天亮	tʰiɛn1 lian6	tiên1 lian5	tian1 liang4	官			100000		
女人	ȵy3 ȵien2	nyu3 niên2	nv3 ren2	官			100000		
客厅	kʰɛʔ7 tʰien1	kêk6 tiên1	ke4 ting1	官			100000		
害怕	xai6 pʰa5	hai5 pa4	hai4 pa4	官			100000		
小飞虫	ɕiau3 fi1 tsʰəŋ2	xiau3 fi1 ceng2	xiao3 fei1 chong2	官			100000		
就只	tɕʰiəu6 tsɪʔ7	qieu5 zek6	jiu4 zhi3	官			100000		
张嘴	tsan1 tɕi3	zan1 ji3	zhang1 zui3	官			100000		
张开	tsan1 kʰai1	zan1 kai1	zhang1 kai1	官			100000		
很早	xen3 tsau3	hên3 zau3	hen3 zao3	官			100000		
很晚	xen3 uan3	hên3 wan3	hen3 wan3	官			100000		
思考	sɿ1 kʰau3	sï1 kau3	si1 kao3	官			100000		
我们	ŋo3 men2	ngo3 mên2	wo3 men5	官			100000		
打架	ta3 ka5	da3 ga4	da3 jia4	官			100000		
抬头	tʰai2 tʰiəu2	tai2 tieu2	tai2 tou2	官			100000		
招惹	tsau1 ȵiɛ3	zau1 niê3	zhao1 re3	官			100000		
晚上	uan3 san6	wan3 san5	wan3 shang4	官			100000		
晚饭	uan3 fan6	wan3 fan5	wan3 fan4	官			100000		
毒死	tʰuəʔ8 sɿ3	tuek7 sï3	du2 si3	官			100000		
点头	tiɛn3 tʰiəu2	diên3 tieu2	dian3 tou2	官			100000		
牲畜	sɛn1 suəʔ7	sên1 suek6	sheng1 chu4	官			100000		
现在	ɕiɛn6 tsʰai6	xiên5 cai5	xian4 zai4	官			100000		
生气	sɛn1 tɕʰi5	sên1 qi4	sheng1 qi4	官			100000		
痱子	fi5 tsɿ3	fi4 zï3	fei4 zi5	官			100000		
皱眉	tɕiəu5 mi2	jieu4 mi2	zhou4 mei2	官			100000		
眨眼	tsaʔ7 ŋan3	zak6 ngan3	zha3 yan3	官			100000		
碾压	ȵiɛn3 ŋaʔ7	niên3 ngak6	nian3 ya1	官			100000		
胡说八道	fu2 ɕyəʔ7 paʔ7 tʰau6	fu2 xyuek6 bak6 tau5	hu2 shuo1 ba1 dao4	官			100000		
自夸	tsʰɿ6 kʰua1	cï5 kua1	zi4 kua1	官			100000		
虱子	sɪʔ7 tsɿ3	sek6 zï3	shi1 zi5	官			100000		
蚂蚁	ma3 ȵi3	ma3 ni3	ma3 yi3	官			100000		
蚯蚓	tʃʰiu1 ien3	qiu1 yên3	qiu1 yin3	官			100000		
蝙蝠	piɛn2 fuəʔ7	biên2 fuek6	bian1 fu2	官			100000		
蟑螂	tsɔŋ1 lan2	zong1 lan2	zhang1 lang2	官			100000		
裂开	liɛʔ7 kʰai1	liêk6 kai1	lie4 kai1	官			100000		
这下	tsa3 xa1	za3 ha1	zhe4 xia4	官			100000		
这个	tsa3 ko5	za3 go4	zhe4 ge5	官			100000		
这些	tsa3 ɕiɛʔ7	za3 xiêk6	zhe4 xie1	官			100000		
这头	tsa3 tʰiəu2	za3 tieu2	zhe4 tou2	官			100000		
这边	tsa3 piɛn2	za3 biên2	zhe4 bian1	官			100000		
这里	tsa3 li3	za3 li3	zhe4 li3	官			100000		
那么	na6 iau1	na5 yau1	na4 me5	官			100000		
那些	na6 ɕiɛʔ7	na5 xiêk6	na4 xie1	官			100000		
陌生	mɛʔ7 sɛn1	mêk6 sên1	mo4 sheng1	官			100000		
骗人	pʰiɛn5 ȵien2	piên4 niên2	pian4 ren2	官			100000		
鸟窝	tiau3 uo1	diau3 wo1	niao3 wo1	官			100000		
鸟蛋	tiau3 tʰan6	diau3 tan5	niao3 dan4	官			100000		
一会	iɪʔ7 kʰuei5	yek6 kui4	yi1 hui4	官			100000		
一直	iɪʔ7 tsʰɪʔ8	yek6 cek7	yi4 zhi2	官			100000		
后面	xəu6 miɛn6	heu5 miên5	hou4 mian4	官			100000		
总是	tsəŋ3 ʃɿ1	zeng3 xï1	zong3 shi4	官			100000		
白天	pʰɛʔ8 tʰiɛn1	pêk7 tiên1	bai2 tian1	官			100000		
眼红	ŋan3 xəŋ2	ngan3 heng2	yan3 hong2	官			100000		
鼻子	pʰiɪʔ8 tsɿ3	piek7 zï3	bi2 zi5	官			100000		
一下子	iɪʔ7 xa1 tsɿ3	yek6 ha1 zï3	yi1 xia4 zi5	官			100000		
乌泥	u1 ȵi5	wu1 ni4	wu1 ni2	官			100000		
女儿	ȵy3 ȵi2	nyu3 ni2	nv3 er2	官			100000		
女孩	ȵy3 xai2	nyu3 hai2	nv3 hai2	官			100000		
怎么	tsen3 mə0	zên3 me0	zen3 me5	官			100000		
男孩	nan2 xai2	nan2 hai2	nan2 hai2	官			100000		
这么	tsa3 iau1	za3 yau1	zhe4 me5	官			100000		
南昌	nan2 tsʰan1	nan2 can1	nan2 chang1	赣			128211		
分宜	fen1 ȵi2	fên1 ni2	fen1 yi2	赣			122362		
丰城	fəŋ1 tsʰen2	feng1 cên2	feng1 cheng2	赣			127803		
黎川	li2 tɕʰyɛn1	li2 qyuên1	li2 chuan1	赣			124783		
新余	ɕien1 y2	xiên1 yu2	xin1 yu2	赣			121645		
上高	san6 kau1	san5 gau1	shang4 gao1	赣			120997		
宿松	suəʔ7 səŋ1	suek6 seng1	su4 song1	赣			121444		
吉安	tɕiɪʔ7 ŋɔŋ1	jiek6 ngong1	ji2 an1	赣			123169		
弋阳	iʔ8 ian2	yik7 yan2	yi4 yang2	赣			129461		
横峰	xɛn2 fəŋ1	hên2 feng1	heng2 feng1	赣			124840		
刚刚	kɔŋ1 kɔŋ1	gong1 gong1	gang1 gang1	官			100000		
然后	iɛn2 xəu6	yên2 heu5	ran2 hou4	官			100000		
那里	na6 li3	na5 li3	na4 li3	官			100000		
吉水	tɕiʔ7 ɕy3	jik6 xyu3	ji2 shui3	赣			120000		
八都	paʔ7 tu1	bak6 du1	ba1 dou1	赣			120000		
